<?xml version="1.0" encoding="UTF-8"?>
<config xmlns="http://www.knime.org/2008/09/XMLConfig" xmlns:xsi="http://www.w3.org/2001/XMLSchema-instance" xsi:schemaLocation="http://www.knime.org/2008/09/XMLConfig http://www.knime.org/XMLConfig_2008_09.xsd" key="viewRepresentation">
    <entry key="jsNamespace" type="xstring" value="knimeHistogram"/>
    <config key="jsCode">
        <entry key="array-size" type="xint" value="1"/>
        <entry key="0" type="xstring" value="/* global knimeGroupedBarChart:false */%%00010window.knimeHistogram = (function () {%%00010%%00010    var histogram = {};%%00010    var _representation, _value;%%00010%%00010    histogram.init = function (representation, value) {%%00010        _value = value;%%00010        _representation = representation;%%00010        var binningResult = _representation.inObjects[0];%%00010        var binColName = binningResult.binnedColumn;%%00010        var orgColName = _representation.options.cat;%%00010        _representation.inObjects[0] = binningResult.groups;%%00010        _representation.options.cat = binColName;%%00010        _representation.isHistogram = true;%%00010        var optMethod = _representation.options.aggr;%%00010        if (optMethod === 'Occurence\u00A0Count') {%%00010            _representation.inObjects[0].table.spec.colNames[1] = orgColName;%%00010        }%%00010        knimeGroupedBarChart.init(_representation, _value);%%00010    };%%00010%%00010    histogram.validate = function () {%%00010        return knimeGroupedBarChart.validate();%%00010    };%%00010%%00010    histogram.getComponentValue = function () {%%00010        return knimeGroupedBarChart.getComponentValue();%%00010    };%%00010%%00010    histogram.getSVG = function () {%%00010        return knimeGroupedBarChart.getSVG();%%00010    };%%00010%%00010    return histogram;%%00010%%00010})();%%00010"/>
    </config>
    <config key="cssCode">
        <entry key="array-size" type="xint" value="0"/>
    </config>
    <config key="jsDependencies">
        <entry key="numSettings" type="xint" value="3"/>
        <config key="dependency_0">
            <entry key="name" type="xstring" value="barChart"/>
            <entry key="path" type="xstring" value="org/knime/dynamic/js/base/barChart/groupedbarchart.js"/>
            <entry key="usesDefine" type="xboolean" value="false"/>
            <entry key="exports" type="xstring" isnull="true" value=""/>
            <config key="dependencies">
                <entry key="array-size" type="xint" value="1"/>
                <entry key="0" type="xstring" value="NVD3_1.8.6"/>
            </config>
            <entry key="local" type="xboolean" value="true"/>
        </config>
        <config key="dependency_1">
            <entry key="name" type="xstring" value="NVD3_1.8.6"/>
            <entry key="path" type="xstring" value="js-lib/nvd3/1.8.6/nv.d3.min.js"/>
            <entry key="usesDefine" type="xboolean" value="false"/>
            <entry key="exports" type="xstring" isnull="true" value=""/>
            <config key="dependencies">
                <entry key="array-size" type="xint" value="1"/>
                <entry key="0" type="xstring" value="D3_3.5.5"/>
            </config>
            <entry key="local" type="xboolean" value="true"/>
        </config>
        <config key="dependency_2">
            <entry key="name" type="xstring" value="D3_3.5.5"/>
            <entry key="path" type="xstring" value="js-lib/d3/d3.v3_5_5.min.js"/>
            <entry key="usesDefine" type="xboolean" value="false"/>
            <entry key="exports" type="xstring" isnull="true" value=""/>
            <config key="dependencies">
                <entry key="array-size" type="xint" value="0"/>
            </config>
            <entry key="local" type="xboolean" value="true"/>
        </config>
    </config>
    <config key="cssDependencies">
        <entry key="array-size" type="xint" value="2"/>
        <entry key="0" type="xstring" value="js-lib/nvd3/1.8.6/nv.d3.min.css"/>
        <entry key="1" type="xstring" value="org/knime/dynamic/js/base/barChart/groupedbarchart.css"/>
    </config>
    <entry key="new" type="xboolean" value="false"/>
    <entry key="inView" type="xboolean" value="true"/>
    <config key="tableIds">
        <entry key="array-size" type="xint" value="1"/>
        <entry key="0" type="xstring" value="41648a33-b3f3-4a7e-b35d-8682cc5dc4aa"/>
    </config>
    <config key="variables">
        <entry key="numSettings" type="xint" value="1"/>
        <entry key="mapClass" type="xstring" value="string"/>
        <entry key="key_0" type="xstring" value="knime.workspace"/>
        <entry key="class_0" type="xstring" value="java.lang.String"/>
        <entry key="value_0" type="xstring" value="/home/rahul/workspace/knime-ws"/>
    </config>
    <config key="binaryFiles">
        <entry key="numSettings" type="xint" value="0"/>
        <entry key="mapClass" type="xstring" value="string"/>
    </config>
    <config key="options">
        <entry key="numSettings" type="xint" value="21"/>
        <entry key="mapClass" type="xstring" value="object"/>
        <entry key="key_0" type="xstring" value="displayFullscreenButton"/>
        <entry key="class_0" type="xstring" value="java.lang.Boolean"/>
        <entry key="value_0" type="xboolean" value="true"/>
        <entry key="key_1" type="xstring" value="displayClearSelectionButton"/>
        <entry key="class_1" type="xstring" value="java.lang.Boolean"/>
        <entry key="value_1" type="xboolean" value="true"/>
        <entry key="key_2" type="xstring" value="svg"/>
        <entry key="class_2" type="xstring" value="org.knime.dynamic.js.SettingsModelSVGOptions$JSONSVGOptions"/>
        <config key="value_2">
            <entry key="width" type="xint" value="800"/>
            <entry key="height" type="xint" value="600"/>
            <entry key="fullscreen" type="xboolean" value="true"/>
        </config>
        <entry key="key_3" type="xstring" value="legend"/>
        <entry key="class_3" type="xstring" value="java.lang.Boolean"/>
        <entry key="value_3" type="xboolean" value="true"/>
        <entry key="key_4" type="xstring" value="enableHorizontalToggle"/>
        <entry key="class_4" type="xstring" value="java.lang.Boolean"/>
        <entry key="value_4" type="xboolean" value="true"/>
        <entry key="key_5" type="xstring" value="freq"/>
        <entry key="class_5" type="xstring" value="[Ljava.lang.String;"/>
        <config key="value_5">
            <entry key="array-size" type="xint" value="11"/>
            <entry key="0" type="xstring" value="number"/>
            <entry key="1" type="xstring" value="air_pressure_9am"/>
            <entry key="2" type="xstring" value="air_temp_9am"/>
            <entry key="3" type="xstring" value="avg_wind_direction_9am"/>
            <entry key="4" type="xstring" value="avg_wind_speed_9am"/>
            <entry key="5" type="xstring" value="max_wind_direction_9am"/>
            <entry key="6" type="xstring" value="max_wind_speed_9am"/>
            <entry key="7" type="xstring" value="rain_accumulation_9am"/>
            <entry key="8" type="xstring" value="rain_duration_9am"/>
            <entry key="9" type="xstring" value="relative_humidity_9am"/>
            <entry key="10" type="xstring" value="relative_humidity_3pm"/>
        </config>
        <entry key="key_6" type="xstring" value="tooltip"/>
        <entry key="class_6" type="xstring" value="java.lang.Boolean"/>
        <entry key="value_6" type="xboolean" value="true"/>
        <entry key="key_7" type="xstring" value="enableTitleEdit"/>
        <entry key="class_7" type="xstring" value="java.lang.Boolean"/>
        <entry key="value_7" type="xboolean" value="true"/>
        <entry key="key_8" type="xstring" value="enableSelection"/>
        <entry key="class_8" type="xstring" value="java.lang.Boolean"/>
        <entry key="value_8" type="xboolean" value="true"/>
        <entry key="key_9" type="xstring" value="enableSwitchMissValCat"/>
        <entry key="class_9" type="xstring" value="java.lang.Boolean"/>
        <entry key="value_9" type="xboolean" value="true"/>
        <entry key="key_10" type="xstring" value="enableStackedEdit"/>
        <entry key="class_10" type="xstring" value="java.lang.Boolean"/>
        <entry key="value_10" type="xboolean" value="true"/>
        <entry key="key_11" type="xstring" value="enableAxisEdit"/>
        <entry key="class_11" type="xstring" value="java.lang.Boolean"/>
        <entry key="value_11" type="xboolean" value="true"/>
        <entry key="key_12" type="xstring" value="processInMemory"/>
        <entry key="class_12" type="xstring" value="java.lang.Boolean"/>
        <entry key="value_12" type="xboolean" value="true"/>
        <entry key="key_13" type="xstring" value="reportOnMissingValues"/>
        <entry key="class_13" type="xstring" value="java.lang.Boolean"/>
        <entry key="value_13" type="xboolean" value="true"/>
        <entry key="key_14" type="xstring" value="cat"/>
        <entry key="class_14" type="xstring" value="java.lang.String"/>
        <entry key="value_14" type="xstring" value="air_temp_9am"/>
        <entry key="key_15" type="xstring" value="enableViewControls"/>
        <entry key="class_15" type="xstring" value="java.lang.Boolean"/>
        <entry key="value_15" type="xboolean" value="true"/>
        <entry key="key_16" type="xstring" value="showWarnings"/>
        <entry key="class_16" type="xstring" value="java.lang.Boolean"/>
        <entry key="value_16" type="xboolean" value="true"/>
        <entry key="key_17" type="xstring" value="enableSubtitleEdit"/>
        <entry key="class_17" type="xstring" value="java.lang.Boolean"/>
        <entry key="value_17" type="xboolean" value="true"/>
        <entry key="key_18" type="xstring" value="aggr"/>
        <entry key="class_18" type="xstring" value="java.lang.String"/>
        <entry key="value_18" type="xstring" value="Occurence Count"/>
        <entry key="key_19" type="xstring" value="bin_method"/>
        <entry key="class_19" type="xstring" value="java.lang.String"/>
        <entry key="value_19" type="xstring" value="Fixed number of bins"/>
        <entry key="key_20" type="xstring" value="enableMaximumValue"/>
        <entry key="class_20" type="xstring" value="java.lang.Boolean"/>
        <entry key="value_20" type="xboolean" value="true"/>
    </config>
    <config key="inObjects">
        <entry key="numSettings" type="xint" value="1"/>
        <config key="inObject_0">
            <entry key="className" type="xstring" value="org.knime.dynamic.js.base.grouped.BinningProcessor$BinningResult"/>
            <entry key="jsonValue" type="xstring" value="{&quot;binnedColumn&quot;:&quot;air_temp_9am [Binned]&quot;,&quot;groups&quot;:{&quot;translator&quot;:{&quot;sourceID&quot;:null,&quot;targetIDs&quot;:null,&quot;forward&quot;:false,&quot;mapping&quot;:{&quot;Row0&quot;:[&quot;Row769&quot;,&quot;Row649&quot;,&quot;Row925&quot;,&quot;Row808&quot;,&quot;Row490&quot;,&quot;Row370&quot;,&quot;Row250&quot;,&quot;Row371&quot;,&quot;Row130&quot;,&quot;Row373&quot;,&quot;Row374&quot;,&quot;Row376&quot;,&quot;Row530&quot;,&quot;Row651&quot;,&quot;Row1062&quot;,&quot;Row499&quot;,&quot;Row653&quot;,&quot;Row533&quot;,&quot;Row1064&quot;,&quot;Row259&quot;,&quot;Row810&quot;,&quot;Row416&quot;,&quot;Row537&quot;,&quot;Row812&quot;,&quot;Row933&quot;,&quot;Row1060&quot;,&quot;Row937&quot;,&quot;Row939&quot;,&quot;Row32&quot;,&quot;Row380&quot;,&quot;Row140&quot;,&quot;Row386&quot;,&quot;Row661&quot;,&quot;Row1072&quot;,&quot;Row300&quot;,&quot;Row388&quot;,&quot;Row147&quot;,&quot;Row389&quot;,&quot;Row664&quot;,&quot;Row668&quot;,&quot;Row548&quot;,&quot;Row669&quot;,&quot;Row901&quot;,&quot;Row506&quot;,&quot;Row749&quot;,&quot;Row64&quot;,&quot;Row471&quot;,&quot;Row592&quot;,&quot;Row197&quot;,&quot;Row231&quot;,&quot;Row594&quot;,&quot;Row475&quot;,&quot;Row992&quot;,&quot;Row597&quot;,&quot;Row631&quot;,&quot;Row873&quot;,&quot;Row994&quot;,&quot;Row1041&quot;,&quot;Row115&quot;,&quot;Row632&quot;,&quot;Row995&quot;,&quot;Row117&quot;,&quot;Row513&quot;,&quot;Row755&quot;,&quot;Row876&quot;,&quot;Row757&quot;,&quot;Row999&quot;,&quot;Row52&quot;,&quot;Row51&quot;,&quot;Row759&quot;,&quot;Row916&quot;,&quot;Row58&quot;,&quot;Row1058&quot;,&quot;Row120&quot;,&quot;Row121&quot;,&quot;Row242&quot;,&quot;Row122&quot;,&quot;Row124&quot;,&quot;Row520&quot;,&quot;Row400&quot;,&quot;Row126&quot;,&quot;Row247&quot;,&quot;Row643&quot;,&quot;Row1053&quot;,&quot;Row523&quot;,&quot;Row403&quot;,&quot;Row647&quot;,&quot;Row607&quot;,&quot;Row87&quot;,&quot;Row0&quot;,&quot;Row171&quot;,&quot;Row172&quot;,&quot;Row293&quot;,&quot;Row294&quot;,&quot;Row690&quot;,&quot;Row693&quot;,&quot;Row210&quot;,&quot;Row1024&quot;,&quot;Row211&quot;,&quot;Row332&quot;,&quot;Row970&quot;,&quot;Row696&quot;,&quot;Row851&quot;,&quot;Row214&quot;,&quot;Row1020&quot;,&quot;Row5&quot;,&quot;Row458&quot;,&quot;Row977&quot;,&quot;Row857&quot;,&quot;Row978&quot;,&quot;Row616&quot;,&quot;Row72&quot;,&quot;Row617&quot;,&quot;Row619&quot;,&quot;Row76&quot;,&quot;Row1038&quot;,&quot;Row185&quot;,&quot;Row341&quot;,&quot;Row100&quot;,&quot;Row221&quot;,&quot;Row980&quot;,&quot;Row101&quot;,&quot;Row585&quot;,&quot;Row860&quot;,&quot;Row223&quot;,&quot;Row344&quot;,&quot;Row225&quot;,&quot;Row621&quot;,&quot;Row863&quot;,&quot;Row589&quot;,&quot;Row985&quot;,&quot;Row108&quot;,&quot;Row867&quot;,&quot;Row307&quot;,&quot;Row826&quot;,&quot;Row707&quot;,&quot;Row27&quot;,&quot;Row152&quot;,&quot;Row394&quot;,&quot;Row1000&quot;,&quot;Row17&quot;,&quot;Row552&quot;,&quot;Row157&quot;,&quot;Row278&quot;,&quot;Row674&quot;,&quot;Row1084&quot;,&quot;Row313&quot;,&quot;Row677&quot;,&quot;Row436&quot;,&quot;Row711&quot;,&quot;Row1080&quot;,&quot;Row833&quot;,&quot;Row713&quot;,&quot;Row835&quot;,&quot;Row319&quot;,&quot;Row94&quot;,&quot;Row838&quot;,&quot;Row92&quot;,&quot;Row839&quot;,&quot;Row10&quot;,&quot;Row1015&quot;,&quot;Row282&quot;,&quot;Row285&quot;,&quot;Row1094&quot;,&quot;Row685&quot;,&quot;Row962&quot;,&quot;Row325&quot;,&quot;Row843&quot;,&quot;Row206&quot;,&quot;Row844&quot;,&quot;Row449&quot;],&quot;Row1&quot;:[&quot;Row928&quot;,&quot;Row809&quot;,&quot;Row492&quot;,&quot;Row251&quot;,&quot;Row1065&quot;,&quot;Row252&quot;,&quot;Row494&quot;,&quot;Row132&quot;,&quot;Row253&quot;,&quot;Row133&quot;,&quot;Row254&quot;,&quot;Row375&quot;,&quot;Row1068&quot;,&quot;Row255&quot;,&quot;Row256&quot;,&quot;Row498&quot;,&quot;Row137&quot;,&quot;Row931&quot;,&quot;Row935&quot;,&quot;Row815&quot;,&quot;Row938&quot;,&quot;Row383&quot;,&quot;Row142&quot;,&quot;Row263&quot;,&quot;Row1077&quot;,&quot;Row264&quot;,&quot;Row1078&quot;,&quot;Row144&quot;,&quot;Row265&quot;,&quot;Row145&quot;,&quot;Row821&quot;,&quot;Row823&quot;,&quot;Row1071&quot;,&quot;Row909&quot;,&quot;Row1049&quot;,&quot;Row593&quot;,&quot;Row1045&quot;,&quot;Row232&quot;,&quot;Row353&quot;,&quot;Row1046&quot;,&quot;Row234&quot;,&quot;Row235&quot;,&quot;Row477&quot;,&quot;Row478&quot;,&quot;Row599&quot;,&quot;Row116&quot;,&quot;Row237&quot;,&quot;Row359&quot;,&quot;Row910&quot;,&quot;Row912&quot;,&quot;Row913&quot;,&quot;Row915&quot;,&quot;Row919&quot;,&quot;Row481&quot;,&quot;Row362&quot;,&quot;Row363&quot;,&quot;Row1056&quot;,&quot;Row485&quot;,&quot;Row486&quot;,&quot;Row1051&quot;,&quot;Row125&quot;,&quot;Row368&quot;,&quot;Row920&quot;,&quot;Row129&quot;,&quot;Row921&quot;,&quot;Row725&quot;,&quot;Row968&quot;,&quot;Row849&quot;,&quot;Row608&quot;,&quot;Row609&quot;,&quot;Row89&quot;,&quot;Row88&quot;,&quot;Row1019&quot;,&quot;Row295&quot;,&quot;Row297&quot;,&quot;Row179&quot;,&quot;Row971&quot;,&quot;Row852&quot;,&quot;Row853&quot;,&quot;Row975&quot;,&quot;Row614&quot;,&quot;Row738&quot;,&quot;Row859&quot;,&quot;Row78&quot;,&quot;Row181&quot;,&quot;Row1039&quot;,&quot;Row186&quot;,&quot;Row1034&quot;,&quot;Row188&quot;,&quot;Row982&quot;,&quot;Row862&quot;,&quot;Row1030&quot;,&quot;Row745&quot;,&quot;Row866&quot;,&quot;Row746&quot;,&quot;Row945&quot;,&quot;Row825&quot;,&quot;Row946&quot;,&quot;Row827&quot;,&quot;Row948&quot;,&quot;Row391&quot;,&quot;Row1004&quot;,&quot;Row1005&quot;,&quot;Row393&quot;,&quot;Row275&quot;,&quot;Row950&quot;,&quot;Row951&quot;,&quot;Row952&quot;,&quot;Row953&quot;,&quot;Row96&quot;,&quot;Row957&quot;,&quot;Row716&quot;,&quot;Row717&quot;,&quot;Row90&quot;,&quot;Row1007&quot;,&quot;Row280&quot;,&quot;Row160&quot;,&quot;Row162&quot;,&quot;Row1017&quot;,&quot;Row841&quot;,&quot;Row721&quot;,&quot;Row602&quot;,&quot;Row724&quot;,&quot;Row845&quot;,&quot;Row41&quot;,&quot;Row49&quot;,&quot;Row44&quot;,&quot;Row891&quot;,&quot;Row650&quot;,&quot;Row892&quot;,&quot;Row772&quot;,&quot;Row893&quot;,&quot;Row773&quot;,&quot;Row774&quot;,&quot;Row657&quot;,&quot;Row778&quot;,&quot;Row417&quot;,&quot;Row418&quot;,&quot;Row782&quot;,&quot;Row542&quot;,&quot;Row784&quot;,&quot;Row423&quot;,&quot;Row425&quot;,&quot;Row789&quot;,&quot;Row306&quot;,&quot;Row505&quot;,&quot;Row868&quot;,&quot;Row60&quot;,&quot;Row68&quot;,&quot;Row195&quot;,&quot;Row990&quot;,&quot;Row991&quot;,&quot;Row871&quot;,&quot;Row510&quot;,&quot;Row754&quot;,&quot;Row875&quot;,&quot;Row996&quot;,&quot;Row638&quot;,&quot;Row639&quot;,&quot;Row54&quot;,&quot;Row53&quot;,&quot;Row760&quot;,&quot;Row884&quot;,&quot;Row886&quot;,&quot;Row524&quot;,&quot;Row767&quot;,&quot;Row329&quot;,&quot;Row1&quot;,&quot;Row691&quot;,&quot;Row450&quot;,&quot;Row692&quot;,&quot;Row572&quot;,&quot;Row331&quot;,&quot;Row452&quot;,&quot;Row694&quot;,&quot;Row575&quot;,&quot;Row6&quot;,&quot;Row577&quot;,&quot;Row578&quot;,&quot;Row699&quot;,&quot;Row579&quot;,&quot;Row3&quot;,&quot;Row339&quot;,&quot;Row582&quot;,&quot;Row220&quot;,&quot;Row463&quot;,&quot;Row584&quot;,&quot;Row222&quot;,&quot;Row464&quot;,&quot;Row104&quot;,&quot;Row105&quot;,&quot;Row107&quot;,&quot;Row229&quot;,&quot;Row549&quot;,&quot;Row308&quot;,&quot;Row24&quot;,&quot;Row22&quot;,&quot;Row19&quot;,&quot;Row1088&quot;,&quot;Row550&quot;,&quot;Row430&quot;,&quot;Row431&quot;,&quot;Row795&quot;,&quot;Row433&quot;,&quot;Row554&quot;,&quot;Row434&quot;,&quot;Row557&quot;,&quot;Row678&quot;,&quot;Row437&quot;,&quot;Row558&quot;,&quot;Row1081&quot;,&quot;Row15&quot;,&quot;Row680&quot;,&quot;Row681&quot;,&quot;Row440&quot;,&quot;Row441&quot;,&quot;Row562&quot;,&quot;Row444&quot;,&quot;Row324&quot;,&quot;Row445&quot;,&quot;Row446&quot;,&quot;Row568&quot;,&quot;Row689&quot;,&quot;Row1092&quot;],&quot;Row8&quot;:[&quot;Row30&quot;,&quot;Row739&quot;,&quot;Row907&quot;,&quot;Row47&quot;,&quot;Row260&quot;,&quot;Row461&quot;,&quot;Row662&quot;,&quot;Row872&quot;,&quot;Row312&quot;,&quot;Row741&quot;,&quot;Row600&quot;,&quot;Row128&quot;,&quot;Row877&quot;,&quot;Row801&quot;],&quot;Row9&quot;:[&quot;Row720&quot;],&quot;Row6&quot;:[&quot;Row923&quot;,&quot;Row924&quot;,&quot;Row804&quot;,&quot;Row805&quot;,&quot;Row926&quot;,&quot;Row927&quot;,&quot;Row491&quot;,&quot;Row372&quot;,&quot;Row131&quot;,&quot;Row495&quot;,&quot;Row1067&quot;,&quot;Row496&quot;,&quot;Row1061&quot;,&quot;Row136&quot;,&quot;Row378&quot;,&quot;Row258&quot;,&quot;Row379&quot;,&quot;Row138&quot;,&quot;Row139&quot;,&quot;Row936&quot;,&quot;Row817&quot;,&quot;Row818&quot;,&quot;Row382&quot;,&quot;Row1079&quot;,&quot;Row266&quot;,&quot;Row267&quot;,&quot;Row1074&quot;,&quot;Row940&quot;,&quot;Row1075&quot;,&quot;Row149&quot;,&quot;Row820&quot;,&quot;Row941&quot;,&quot;Row700&quot;,&quot;Row942&quot;,&quot;Row822&quot;,&quot;Row943&quot;,&quot;Row109&quot;,&quot;Row902&quot;,&quot;Row903&quot;,&quot;Row1048&quot;,&quot;Row352&quot;,&quot;Row473&quot;,&quot;Row112&quot;,&quot;Row233&quot;,&quot;Row354&quot;,&quot;Row476&quot;,&quot;Row1042&quot;,&quot;Row238&quot;,&quot;Row118&quot;,&quot;Row480&quot;,&quot;Row360&quot;,&quot;Row241&quot;,&quot;Row483&quot;,&quot;Row364&quot;,&quot;Row1057&quot;,&quot;Row123&quot;,&quot;Row244&quot;,&quot;Row365&quot;,&quot;Row245&quot;,&quot;Row1052&quot;,&quot;Row489&quot;,&quot;Row369&quot;,&quot;Row967&quot;,&quot;Row84&quot;,&quot;Row605&quot;,&quot;Row727&quot;,&quot;Row969&quot;,&quot;Row80&quot;,&quot;Row1018&quot;,&quot;Row290&quot;,&quot;Row974&quot;,&quot;Row612&quot;,&quot;Row735&quot;,&quot;Row979&quot;,&quot;Row1032&quot;,&quot;Row981&quot;,&quot;Row983&quot;,&quot;Row503&quot;,&quot;Row987&quot;,&quot;Row703&quot;,&quot;Row704&quot;,&quot;Row706&quot;,&quot;Row949&quot;,&quot;Row270&quot;,&quot;Row271&quot;,&quot;Row392&quot;,&quot;Row395&quot;,&quot;Row156&quot;,&quot;Row830&quot;,&quot;Row954&quot;,&quot;Row955&quot;,&quot;Row714&quot;,&quot;Row715&quot;,&quot;Row958&quot;,&quot;Row718&quot;,&quot;Row719&quot;,&quot;Row1014&quot;,&quot;Row1016&quot;,&quot;Row164&quot;,&quot;Row1013&quot;,&quot;Row167&quot;,&quot;Row960&quot;,&quot;Row964&quot;,&quot;Row406&quot;,&quot;Row648&quot;,&quot;Row40&quot;,&quot;Row528&quot;,&quot;Row48&quot;,&quot;Row46&quot;,&quot;Row45&quot;,&quot;Row43&quot;,&quot;Row771&quot;,&quot;Row652&quot;,&quot;Row895&quot;,&quot;Row654&quot;,&quot;Row896&quot;,&quot;Row413&quot;,&quot;Row776&quot;,&quot;Row897&quot;,&quot;Row658&quot;,&quot;Row419&quot;,&quot;Row37&quot;,&quot;Row33&quot;,&quot;Row421&quot;,&quot;Row543&quot;,&quot;Row787&quot;,&quot;Row304&quot;,&quot;Row426&quot;,&quot;Row547&quot;,&quot;Row626&quot;,&quot;Row62&quot;,&quot;Row627&quot;,&quot;Row507&quot;,&quot;Row628&quot;,&quot;Row67&quot;,&quot;Row66&quot;,&quot;Row193&quot;,&quot;Row750&quot;,&quot;Row630&quot;,&quot;Row993&quot;,&quot;Row752&quot;,&quot;Row511&quot;,&quot;Row512&quot;,&quot;Row634&quot;,&quot;Row514&quot;,&quot;Row635&quot;,&quot;Row878&quot;,&quot;Row758&quot;,&quot;Row50&quot;,&quot;Row57&quot;,&quot;Row883&quot;,&quot;Row522&quot;,&quot;Row764&quot;,&quot;Row885&quot;,&quot;Row525&quot;,&quot;Row888&quot;,&quot;Row405&quot;,&quot;Row526&quot;,&quot;Row208&quot;,&quot;Row209&quot;,&quot;Row330&quot;,&quot;Row574&quot;,&quot;Row695&quot;,&quot;Row576&quot;,&quot;Row698&quot;,&quot;Row457&quot;,&quot;Row337&quot;,&quot;Row580&quot;,&quot;Row460&quot;,&quot;Row581&quot;,&quot;Row465&quot;,&quot;Row586&quot;,&quot;Row587&quot;,&quot;Row346&quot;,&quot;Row588&quot;,&quot;Row226&quot;,&quot;Row468&quot;,&quot;Row227&quot;,&quot;Row228&quot;,&quot;Row21&quot;,&quot;Row20&quot;,&quot;Row1087&quot;,&quot;Row791&quot;,&quot;Row18&quot;,&quot;Row794&quot;,&quot;Row553&quot;,&quot;Row314&quot;,&quot;Row315&quot;,&quot;Row317&quot;,&quot;Row559&quot;,&quot;Row13&quot;,&quot;Row560&quot;,&quot;Row442&quot;,&quot;Row201&quot;,&quot;Row443&quot;,&quot;Row203&quot;,&quot;Row566&quot;,&quot;Row688&quot;,&quot;Row1090&quot;,&quot;Row326&quot;,&quot;Row447&quot;,&quot;Row569&quot;,&quot;Row328&quot;],&quot;Row7&quot;:[&quot;Row726&quot;,&quot;Row908&quot;,&quot;Row192&quot;,&quot;Row551&quot;,&quot;Row532&quot;,&quot;Row236&quot;,&quot;Row335&quot;,&quot;Row797&quot;,&quot;Row217&quot;,&quot;Row338&quot;,&quot;Row613&quot;,&quot;Row932&quot;,&quot;Row438&quot;,&quot;Row636&quot;,&quot;Row856&quot;,&quot;Row813&quot;,&quot;Row77&quot;,&quot;Row583&quot;,&quot;Row660&quot;,&quot;Row682&quot;,&quot;Row880&quot;,&quot;Row28&quot;,&quot;Row683&quot;,&quot;Row224&quot;,&quot;Row246&quot;,&quot;Row687&quot;,&quot;Row984&quot;,&quot;Row204&quot;,&quot;Row502&quot;],&quot;Row4&quot;:[&quot;Row408&quot;,&quot;Row929&quot;,&quot;Row42&quot;,&quot;Row531&quot;,&quot;Row775&quot;,&quot;Row534&quot;,&quot;Row415&quot;,&quot;Row814&quot;,&quot;Row816&quot;,&quot;Row38&quot;,&quot;Row36&quot;,&quot;Row141&quot;,&quot;Row1076&quot;,&quot;Row384&quot;,&quot;Row422&quot;,&quot;Row665&quot;,&quot;Row303&quot;,&quot;Row545&quot;,&quot;Row701&quot;,&quot;Row702&quot;,&quot;Row944&quot;,&quot;Row63&quot;,&quot;Row748&quot;,&quot;Row629&quot;,&quot;Row904&quot;,&quot;Row509&quot;,&quot;Row1047&quot;,&quot;Row470&quot;,&quot;Row1043&quot;,&quot;Row472&quot;,&quot;Row113&quot;,&quot;Row751&quot;,&quot;Row753&quot;,&quot;Row633&quot;,&quot;Row119&quot;,&quot;Row515&quot;,&quot;Row911&quot;,&quot;Row637&quot;,&quot;Row518&quot;,&quot;Row917&quot;,&quot;Row240&quot;,&quot;Row484&quot;,&quot;Row881&quot;,&quot;Row367&quot;,&quot;Row644&quot;,&quot;Row765&quot;,&quot;Row645&quot;,&quot;Row766&quot;,&quot;Row887&quot;,&quot;Row768&quot;,&quot;Row922&quot;,&quot;Row85&quot;,&quot;Row606&quot;,&quot;Row82&quot;,&quot;Row291&quot;,&quot;Row570&quot;,&quot;Row1022&quot;,&quot;Row333&quot;,&quot;Row7&quot;,&quot;Row733&quot;,&quot;Row854&quot;,&quot;Row855&quot;,&quot;Row74&quot;,&quot;Row615&quot;,&quot;Row73&quot;,&quot;Row858&quot;,&quot;Row75&quot;,&quot;Row180&quot;,&quot;Row462&quot;,&quot;Row103&quot;,&quot;Row466&quot;,&quot;Row467&quot;,&quot;Row864&quot;,&quot;Row865&quot;,&quot;Row986&quot;,&quot;Row829&quot;,&quot;Row26&quot;,&quot;Row25&quot;,&quot;Row151&quot;,&quot;Row273&quot;,&quot;Row274&quot;,&quot;Row154&quot;,&quot;Row1089&quot;,&quot;Row155&quot;,&quot;Row675&quot;,&quot;Row796&quot;,&quot;Row1086&quot;,&quot;Row798&quot;,&quot;Row1082&quot;,&quot;Row318&quot;,&quot;Row439&quot;,&quot;Row95&quot;,&quot;Row836&quot;,&quot;Row12&quot;,&quot;Row98&quot;,&quot;Row281&quot;,&quot;Row283&quot;,&quot;Row1011&quot;,&quot;Row287&quot;,&quot;Row200&quot;,&quot;Row321&quot;,&quot;Row289&quot;,&quot;Row322&quot;,&quot;Row202&quot;,&quot;Row565&quot;,&quot;Row961&quot;,&quot;Row1091&quot;,&quot;Row448&quot;,&quot;Row723&quot;],&quot;Row5&quot;:[&quot;Row728&quot;,&quot;Row729&quot;,&quot;Row807&quot;,&quot;Row86&quot;,&quot;Row1069&quot;,&quot;Row292&quot;,&quot;Row1026&quot;,&quot;Row175&quot;,&quot;Row571&quot;,&quot;Row890&quot;,&quot;Row8&quot;,&quot;Row454&quot;,&quot;Row894&quot;,&quot;Row257&quot;,&quot;Row455&quot;,&quot;Row456&quot;,&quot;Row655&quot;,&quot;Row930&quot;,&quot;Row777&quot;,&quot;Row459&quot;,&quot;Row70&quot;,&quot;Row35&quot;,&quot;Row183&quot;,&quot;Row184&quot;,&quot;Row261&quot;,&quot;Row340&quot;,&quot;Row780&quot;,&quot;Row1033&quot;,&quot;Row420&quot;,&quot;Row783&quot;,&quot;Row740&quot;,&quot;Row1073&quot;,&quot;Row345&quot;,&quot;Row424&quot;,&quot;Row504&quot;,&quot;Row988&quot;,&quot;Row309&quot;,&quot;Row65&quot;,&quot;Row390&quot;,&quot;Row1006&quot;,&quot;Row792&quot;,&quot;Row276&quot;,&quot;Row311&quot;,&quot;Row355&quot;,&quot;Row279&quot;,&quot;Row676&quot;,&quot;Row831&quot;,&quot;Row799&quot;,&quot;Row712&quot;,&quot;Row956&quot;,&quot;Row959&quot;,&quot;Row91&quot;,&quot;Row14&quot;,&quot;Row163&quot;,&quot;Row1054&quot;,&quot;Row286&quot;,&quot;Row561&quot;,&quot;Row1050&quot;,&quot;Row168&quot;,&quot;Row762&quot;,&quot;Row205&quot;,&quot;Row601&quot;,&quot;Row965&quot;],&quot;Row2&quot;:[&quot;Row527&quot;,&quot;Row803&quot;,&quot;Row529&quot;,&quot;Row770&quot;,&quot;Row39&quot;,&quot;Row134&quot;,&quot;Row411&quot;,&quot;Row412&quot;,&quot;Row414&quot;,&quot;Row898&quot;,&quot;Row536&quot;,&quot;Row811&quot;,&quot;Row899&quot;,&quot;Row538&quot;,&quot;Row659&quot;,&quot;Row934&quot;,&quot;Row539&quot;,&quot;Row819&quot;,&quot;Row34&quot;,&quot;Row31&quot;,&quot;Row143&quot;,&quot;Row385&quot;,&quot;Row781&quot;,&quot;Row540&quot;,&quot;Row387&quot;,&quot;Row541&quot;,&quot;Row146&quot;,&quot;Row268&quot;,&quot;Row301&quot;,&quot;Row785&quot;,&quot;Row148&quot;,&quot;Row269&quot;,&quot;Row302&quot;,&quot;Row544&quot;,&quot;Row666&quot;,&quot;Row667&quot;,&quot;Row305&quot;,&quot;Row427&quot;,&quot;Row989&quot;,&quot;Row508&quot;,&quot;Row906&quot;,&quot;Row69&quot;,&quot;Row190&quot;,&quot;Row590&quot;,&quot;Row591&quot;,&quot;Row230&quot;,&quot;Row351&quot;,&quot;Row1044&quot;,&quot;Row198&quot;,&quot;Row199&quot;,&quot;Row595&quot;,&quot;Row1040&quot;,&quot;Row356&quot;,&quot;Row598&quot;,&quot;Row357&quot;,&quot;Row874&quot;,&quot;Row997&quot;,&quot;Row239&quot;,&quot;Row756&quot;,&quot;Row918&quot;,&quot;Row59&quot;,&quot;Row1059&quot;,&quot;Row482&quot;,&quot;Row1055&quot;,&quot;Row243&quot;,&quot;Row640&quot;,&quot;Row761&quot;,&quot;Row882&quot;,&quot;Row366&quot;,&quot;Row641&quot;,&quot;Row488&quot;,&quot;Row521&quot;,&quot;Row763&quot;,&quot;Row401&quot;,&quot;Row127&quot;,&quot;Row249&quot;,&quot;Row404&quot;,&quot;Row646&quot;,&quot;Row800&quot;,&quot;Row889&quot;,&quot;Row847&quot;,&quot;Row81&quot;,&quot;Row170&quot;,&quot;Row1025&quot;,&quot;Row173&quot;,&quot;Row1028&quot;,&quot;Row174&quot;,&quot;Row1021&quot;,&quot;Row176&quot;,&quot;Row451&quot;,&quot;Row1023&quot;,&quot;Row573&quot;,&quot;Row178&quot;,&quot;Row453&quot;,&quot;Row212&quot;,&quot;Row850&quot;,&quot;Row730&quot;,&quot;Row972&quot;,&quot;Row973&quot;,&quot;Row732&quot;,&quot;Row216&quot;,&quot;Row2&quot;,&quot;Row734&quot;,&quot;Row219&quot;,&quot;Row71&quot;,&quot;Row618&quot;,&quot;Row79&quot;,&quot;Row1029&quot;,&quot;Row1036&quot;,&quot;Row182&quot;,&quot;Row1037&quot;,&quot;Row187&quot;,&quot;Row189&quot;,&quot;Row102&quot;,&quot;Row500&quot;,&quot;Row742&quot;,&quot;Row347&quot;,&quot;Row501&quot;,&quot;Row469&quot;,&quot;Row623&quot;,&quot;Row744&quot;,&quot;Row349&quot;,&quot;Row624&quot;,&quot;Row900&quot;,&quot;Row428&quot;,&quot;Row824&quot;,&quot;Row429&quot;,&quot;Row828&quot;,&quot;Row709&quot;,&quot;Row1003&quot;,&quot;Row150&quot;,&quot;Row790&quot;,&quot;Row153&quot;,&quot;Row396&quot;,&quot;Row671&quot;,&quot;Row1001&quot;,&quot;Row397&quot;,&quot;Row793&quot;,&quot;Row398&quot;,&quot;Row399&quot;,&quot;Row432&quot;,&quot;Row158&quot;,&quot;Row159&quot;,&quot;Row555&quot;,&quot;Row435&quot;,&quot;Row556&quot;,&quot;Row710&quot;,&quot;Row832&quot;,&quot;Row834&quot;,&quot;Row1008&quot;,&quot;Row284&quot;,&quot;Row1010&quot;,&quot;Row165&quot;,&quot;Row1012&quot;,&quot;Row166&quot;,&quot;Row320&quot;,&quot;Row563&quot;,&quot;Row684&quot;,&quot;Row564&quot;,&quot;Row842&quot;,&quot;Row963&quot;,&quot;Row327&quot;,&quot;Row207&quot;,&quot;Row603&quot;,&quot;Row966&quot;,&quot;Row1093&quot;],&quot;Row3&quot;:[&quot;Row604&quot;,&quot;Row802&quot;,&quot;Row846&quot;,&quot;Row407&quot;,&quot;Row83&quot;,&quot;Row806&quot;,&quot;Row1027&quot;,&quot;Row493&quot;,&quot;Row296&quot;,&quot;Row298&quot;,&quot;Row299&quot;,&quot;Row497&quot;,&quot;Row9&quot;,&quot;Row135&quot;,&quot;Row377&quot;,&quot;Row410&quot;,&quot;Row213&quot;,&quot;Row697&quot;,&quot;Row610&quot;,&quot;Row4&quot;,&quot;Row215&quot;,&quot;Row336&quot;,&quot;Row611&quot;,&quot;Row535&quot;,&quot;Row976&quot;,&quot;Row218&quot;,&quot;Row779&quot;,&quot;Row736&quot;,&quot;Row29&quot;,&quot;Row342&quot;,&quot;Row343&quot;,&quot;Row663&quot;,&quot;Row786&quot;,&quot;Row622&quot;,&quot;Row743&quot;,&quot;Row106&quot;,&quot;Row348&quot;,&quot;Row1070&quot;,&quot;Row747&quot;,&quot;Row61&quot;,&quot;Row947&quot;,&quot;Row905&quot;,&quot;Row708&quot;,&quot;Row23&quot;,&quot;Row191&quot;,&quot;Row194&quot;,&quot;Row272&quot;,&quot;Row196&quot;,&quot;Row350&quot;,&quot;Row110&quot;,&quot;Row474&quot;,&quot;Row870&quot;,&quot;Row1002&quot;,&quot;Row310&quot;,&quot;Row596&quot;,&quot;Row673&quot;,&quot;Row1083&quot;,&quot;Row114&quot;,&quot;Row1085&quot;,&quot;Row479&quot;,&quot;Row316&quot;,&quot;Row679&quot;,&quot;Row516&quot;,&quot;Row879&quot;,&quot;Row837&quot;,&quot;Row914&quot;,&quot;Row93&quot;,&quot;Row56&quot;,&quot;Row11&quot;,&quot;Row55&quot;,&quot;Row99&quot;,&quot;Row1009&quot;,&quot;Row97&quot;,&quot;Row161&quot;,&quot;Row288&quot;,&quot;Row487&quot;,&quot;Row169&quot;,&quot;Row323&quot;,&quot;Row642&quot;,&quot;Row686&quot;,&quot;Row248&quot;,&quot;Row402&quot;,&quot;Row567&quot;,&quot;Row722&quot;]}},&quot;table&quot;:{&quot;@class&quot;:&quot;org.knime.js.core.JSONDataTable&quot;,&quot;filtered&quot;:false,&quot;fragmentFirstRowIndex&quot;:0,&quot;totalFilteredRows&quot;:0,&quot;totalRows&quot;:0,&quot;dataHash&quot;:null,&quot;rows&quot;:[{&quot;rowKey&quot;:&quot;Row7&quot;,&quot;data&quot;:[&quot;39.86&quot;,29.0]},{&quot;rowKey&quot;:&quot;Row3&quot;,&quot;data&quot;:[&quot;46.075&quot;,84.0]},{&quot;rowKey&quot;:&quot;Row4&quot;,&quot;data&quot;:[&quot;52.291&quot;,109.0]},{&quot;rowKey&quot;:&quot;Row2&quot;,&quot;data&quot;:[&quot;58.506&quot;,166.0]},{&quot;rowKey&quot;:&quot;Row6&quot;,&quot;data&quot;:[&quot;64.721&quot;,203.0]},{&quot;rowKey&quot;:&quot;Row1&quot;,&quot;data&quot;:[&quot;70.937&quot;,224.0]},{&quot;rowKey&quot;:&quot;Row0&quot;,&quot;data&quot;:[&quot;77.152&quot;,171.0]},{&quot;rowKey&quot;:&quot;Row5&quot;,&quot;data&quot;:[&quot;83.368&quot;,63.0]},{&quot;rowKey&quot;:&quot;Row8&quot;,&quot;data&quot;:[&quot;89.583&quot;,14.0]},{&quot;rowKey&quot;:&quot;Row9&quot;,&quot;data&quot;:[&quot;95.798&quot;,1.0]}],&quot;spec&quot;:{&quot;@class&quot;:&quot;org.knime.js.core.JSONDataTableSpec&quot;,&quot;numColumns&quot;:2,&quot;colNames&quot;:[&quot;air_temp_9am [Binned]&quot;,&quot;air_temp_9am [Binned]_1&quot;],&quot;hiddenColumns&quot;:[],&quot;minValues&quot;:[&quot;39.86&quot;,1.0],&quot;maxValues&quot;:[&quot;95.798&quot;,224.0],&quot;rowColorValues&quot;:[&quot;#404040&quot;,&quot;#404040&quot;,&quot;#404040&quot;,&quot;#404040&quot;,&quot;#404040&quot;,&quot;#404040&quot;,&quot;#404040&quot;,&quot;#404040&quot;,&quot;#404040&quot;,&quot;#404040&quot;],&quot;rowSizeValues&quot;:null,&quot;containsMissingValues&quot;:[false,false],&quot;colTypes&quot;:[&quot;string&quot;,&quot;number&quot;],&quot;knimeTypes&quot;:[&quot;String&quot;,&quot;Number (integer)&quot;],&quot;numExtensions&quot;:0,&quot;extensionTypes&quot;:[],&quot;extensionNames&quot;:[],&quot;numRows&quot;:10,&quot;possibleValues&quot;:[[&quot;39.86&quot;,&quot;46.075&quot;,&quot;52.291&quot;,&quot;58.506&quot;,&quot;64.721&quot;,&quot;70.937&quot;,&quot;77.152&quot;,&quot;83.368&quot;,&quot;89.583&quot;,&quot;95.798&quot;],null],&quot;colorModels&quot;:[],&quot;filterIds&quot;:[null,null]},&quot;fragment&quot;:false,&quot;id&quot;:null},&quot;uuid&quot;:&quot;939c3bf0-52d0-4444-ba4c-6bede9744964&quot;}}"/>
        </config>
    </config>
    <entry key="warnMessage" type="xstring" value=""/>
    <entry key="errorMessage" type="xstring" value=""/>
</config>
