<?xml version="1.0" encoding="UTF-8"?>
<config xmlns="http://www.knime.org/2008/09/XMLConfig" xmlns:xsi="http://www.w3.org/2001/XMLSchema-instance" xsi:schemaLocation="http://www.knime.org/2008/09/XMLConfig http://www.knime.org/XMLConfig_2008_09.xsd" key="viewValue">
    <entry key="chartTitle" type="xstring" isnull="true" value=""/>
    <entry key="chartSubtitle" type="xstring" isnull="true" value=""/>
    <entry key="xCol" type="xstring" value="number"/>
    <entry key="yCol" type="xstring" value="air_pressure_9am"/>
    <entry key="xAxisLabel" type="xstring" isnull="true" value=""/>
    <entry key="yAxisLabel" type="xstring" isnull="true" value=""/>
    <entry key="xAxisMin" type="xstring" value="169.99116164454165"/>
    <entry key="xAxisMax" type="xstring" value="992.7558381057747"/>
    <entry key="yAxisMin" type="xstring" value="910.6741663428953"/>
    <entry key="yAxisMax" type="xstring" value="924.7291005407936"/>
    <entry key="dot_size" type="xstring" value="3"/>
    <config key="selectedKeys"/>
    <entry key="publishSelection" type="xboolean" value="true"/>
    <entry key="subscribeSelection" type="xboolean" value="true"/>
    <entry key="showSelectedOnly" type="xboolean" value="false"/>
    <entry key="subscribeFilter" type="xboolean" value="true"/>
    <entry key="showLegend" type="xboolean" value="true"/>
</config>
